<?xml version="1.0"?>
<data grt_format="2.0">
  <value _ptr_="00000261FCB414C0" type="list" content-type="object" content-struct-name="db.mgmt.Connection">
    <value type="object" struct-name="db.mgmt.Connection" id="{4A9EDEF4-C285-43A6-AE61-9D1CC03AE7CA}" struct-checksum="0x96ba47d8">
      <link type="object" struct-name="db.mgmt.Driver" key="driver">com.mysql.rdbms.mysql.driver.native</link>
      <value type="string" key="hostIdentifier">Mysql@localhost:3306</value>
      <value type="int" key="isDefault">0</value>
      <value _ptr_="00000261847BD3E0" type="dict" key="modules"/>
      <value _ptr_="00000261847BCF60" type="dict" key="parameterValues">
        <value type="string" key="DbSqlEditor:LastDefaultSchema">boletim</value>
        <value type="string" key="hostName">localhost</value>
        <value type="int" key="lastConnected">1613591515</value>
        <value type="int" key="port">3306</value>
        <value type="string" key="serverVersion">10.4.11-MariaDB</value>
        <value type="string" key="userName">root</value>
      </value>
      <value type="string" key="name">Local instance MySQL80</value>
      <link type="object" struct-name="GrtObject" key="owner">{03854F07-65D1-4629-A95B-9661B424F1FD}</link>
    </value>
    <value type="object" struct-name="db.mgmt.Connection" id="{A5EDD9BB-A4E3-4311-A1D6-CA9BA9E02CD7}" struct-checksum="0x96ba47d8">
      <link type="object" struct-name="db.mgmt.Driver" key="driver">com.mysql.rdbms.mysql.driver.native</link>
      <value type="string" key="hostIdentifier">Mysql@cruz01.vpshost0258.mysql.dbaas.com.br:3306</value>
      <value type="int" key="isDefault">0</value>
      <value _ptr_="00000261847BD500" type="dict" key="modules"/>
      <value _ptr_="00000261847BD560" type="dict" key="parameterValues">
        <value type="string" key="DbSqlEditor:LastDefaultSchema">cruz01</value>
        <value type="string" key="SQL_MODE"></value>
        <value type="string" key="hostName">cruz01.vpshost0258.mysql.dbaas.com.br</value>
        <value type="int" key="lastConnected">1613395135</value>
        <value type="string" key="password"></value>
        <value type="int" key="port">3306</value>
        <value type="string" key="schema"></value>
        <value type="string" key="serverVersion">5.7.17-13-log</value>
        <value type="string" key="sslCA"></value>
        <value type="string" key="sslCert"></value>
        <value type="string" key="sslCipher"></value>
        <value type="string" key="sslKey"></value>
        <value type="int" key="useSSL">1</value>
        <value type="string" key="userName">cruz01</value>
      </value>
      <value type="string" key="name">Locaweb Cruz 01</value>
      <link type="object" struct-name="GrtObject" key="owner">{03854F07-65D1-4629-A95B-9661B424F1FD}</link>
    </value>
    <value type="object" struct-name="db.mgmt.Connection" id="{493E43E1-79E3-41DC-9B14-BEF232CA9C2F}" struct-checksum="0x96ba47d8">
      <link type="object" struct-name="db.mgmt.Driver" key="driver">com.mysql.rdbms.mysql.driver.native</link>
      <value type="string" key="hostIdentifier">Mysql@127.0.0.1:3306</value>
      <value type="int" key="isDefault">0</value>
      <value _ptr_="00000261847BC5A0" type="dict" key="modules"/>
      <value _ptr_="00000261847BD6E0" type="dict" key="parameterValues">
        <value type="string" key="DbSqlEditor:LastDefaultSchema">boletim</value>
        <value type="string" key="SQL_MODE"></value>
        <value type="string" key="hostName">127.0.0.1</value>
        <value type="int" key="lastConnected">1613393929</value>
        <value type="string" key="password"></value>
        <value type="int" key="port">3306</value>
        <value type="string" key="schema"></value>
        <value type="string" key="serverVersion">10.4.11-MariaDB</value>
        <value type="string" key="sslCA"></value>
        <value type="string" key="sslCert"></value>
        <value type="string" key="sslCipher"></value>
        <value type="string" key="sslKey"></value>
        <value type="int" key="useSSL">1</value>
        <value type="string" key="userName">root</value>
      </value>
      <value type="string" key="name">COVID local</value>
      <link type="object" struct-name="GrtObject" key="owner">{03854F07-65D1-4629-A95B-9661B424F1FD}</link>
    </value>
    <value type="object" struct-name="db.mgmt.Connection" id="{5E49E5E9-BCE0-4E2E-A024-5018137DEAF9}" struct-checksum="0x96ba47d8">
      <link type="object" struct-name="db.mgmt.Driver" key="driver">com.mysql.rdbms.mysql.driver.native</link>
      <value type="string" key="hostIdentifier">Mysql@cruz07.vpshost0258.mysql.dbaas.com.br:3306</value>
      <value type="int" key="isDefault">0</value>
      <value _ptr_="00000261847BCEA0" type="dict" key="modules"/>
      <value _ptr_="00000261847BC600" type="dict" key="parameterValues">
        <value type="string" key="DbSqlEditor:LastDefaultSchema">cruz07</value>
        <value type="string" key="SQL_MODE"></value>
        <value type="string" key="hostName">cruz07.vpshost0258.mysql.dbaas.com.br</value>
        <value type="int" key="lastConnected">1613574019</value>
        <value type="string" key="password"></value>
        <value type="int" key="port">3306</value>
        <value type="string" key="schema"></value>
        <value type="string" key="serverVersion">5.7.17-13-log</value>
        <value type="string" key="sslCA"></value>
        <value type="string" key="sslCert"></value>
        <value type="string" key="sslCipher"></value>
        <value type="string" key="sslKey"></value>
        <value type="int" key="useSSL">1</value>
        <value type="string" key="userName">cruz07</value>
      </value>
      <value type="string" key="name">Cruz07 - Locaweb</value>
      <link type="object" struct-name="GrtObject" key="owner">{03854F07-65D1-4629-A95B-9661B424F1FD}</link>
    </value>
  </value>
</data>
