<?xml version="1.0"?>
<data grt_format="2.0">
  <value _ptr_="00000261FCB413E0" type="list" content-type="object" content-struct-name="db.mgmt.ServerInstance">
    <value type="object" struct-name="db.mgmt.ServerInstance" id="{F035343C-4030-4206-9388-B093B8398F92}" struct-checksum="0x367436e2">
      <link type="object" struct-name="db.mgmt.Connection" key="connection">{4A9EDEF4-C285-43A6-AE61-9D1CC03AE7CA}</link>
      <value _ptr_="00000261847BCFC0" type="dict" key="loginInfo">
        <value type="string" key="wmi.hostName"></value>
        <value type="string" key="wmi.userName"></value>
      </value>
      <value _ptr_="00000261847BCB40" type="dict" key="serverInfo">
        <value type="int" key="setupPending">1</value>
        <value type="string" key="sys.config.path">C:\ProgramData\MySQL\MySQL Server 8.0\my.ini</value>
        <value type="int" key="sys.config.path.lock">1</value>
        <value type="string" key="sys.config.section">mysqld</value>
        <value type="string" key="sys.mysqld.service_name">MySQL80</value>
        <value type="string" key="sys.preset">Custom</value>
        <value type="string" key="sys.system">Windows</value>
        <value type="int" key="windowsAdmin">1</value>
      </value>
      <value type="string" key="name">Local MySQL80</value>
    </value>
    <value type="object" struct-name="db.mgmt.ServerInstance" id="{6DE24D92-8BF4-43A7-A469-38E2AE0C3E70}" struct-checksum="0x367436e2">
      <link type="object" struct-name="db.mgmt.Connection" key="connection">{A5EDD9BB-A4E3-4311-A1D6-CA9BA9E02CD7}</link>
      <value _ptr_="00000261847BC7E0" type="dict" key="loginInfo"/>
      <value _ptr_="00000261847BD0E0" type="dict" key="serverInfo">
        <value type="int" key="setupPending">1</value>
      </value>
      <value type="string" key="name">Locaweb Cruz 01</value>
    </value>
    <value type="object" struct-name="db.mgmt.ServerInstance" id="{17D47801-6C25-4A92-823F-25D7B48CBC68}" struct-checksum="0x367436e2">
      <link type="object" struct-name="db.mgmt.Connection" key="connection">{493E43E1-79E3-41DC-9B14-BEF232CA9C2F}</link>
      <value _ptr_="00000261847BEFA0" type="dict" key="loginInfo">
        <value type="string" key="ssh.hostName"></value>
        <value type="string" key="ssh.key">C:\Users\NTI_Com\AppData\Roaming/.ssh/ssh_private_key</value>
        <value type="string" key="ssh.localPort">3306</value>
        <value type="int" key="ssh.useKey">0</value>
        <value type="string" key="ssh.userName">mysql</value>
      </value>
      <value _ptr_="00000261847BDB60" type="dict" key="serverInfo">
        <value type="string" key="serverVersion">5.5</value>
        <value type="int" key="setupPending">1</value>
        <value type="string" key="sys.config.path">%ProgramData%\MySQL\MySQL Server 5.5\my.ini</value>
        <value type="string" key="sys.config.section">mysqld</value>
        <value type="string" key="sys.mysqld.service_name">MySQL</value>
        <value type="string" key="sys.mysqld.start">sc start mysql</value>
        <value type="string" key="sys.mysqld.stop">sc stop mysql</value>
        <value type="string" key="sys.system">Windows</value>
        <value type="int" key="sys.usesudo">1</value>
        <value type="int" key="windowsAdmin">1</value>
      </value>
      <value type="string" key="name">COVID local</value>
    </value>
    <value type="object" struct-name="db.mgmt.ServerInstance" id="{B83DE29E-12DB-494D-874B-840A8DA821C2}" struct-checksum="0x367436e2">
      <link type="object" struct-name="db.mgmt.Connection" key="connection">{5E49E5E9-BCE0-4E2E-A024-5018137DEAF9}</link>
      <value _ptr_="00000261847BD980" type="dict" key="loginInfo"/>
      <value _ptr_="00000261847BDD40" type="dict" key="serverInfo">
        <value type="int" key="setupPending">1</value>
      </value>
      <value type="string" key="name">Cruz07 - Locaweb</value>
    </value>
  </value>
</data>
